LOGICIEL,CRITICITE,ID TICKET,TYPE TICKET,PRIORITE,SUJET,STATUT,DATE SIGNALISATION,ETAT REVERSEMENT,VERSION INCLUANT LE REVERSEMENT
KVM,Non-critique,34,Demande d'information,Non bloquant,Configuration réseaux vlans différents,9 - Fermé,11/26/2012 9:58,,
Maarch Enterprise,Non-critique,62,Anomalie,Non bloquant,Gestion des versions d'un document enregistré : pb d'accés,9 - Fermé,12/6/2012 17:25,Accepté sans modification,1.3
Maarch Enterprise,Non-critique,63,Anomalie,Bloquant,Création de document impossible derriere proxy,10 - Abandonné,12/6/2012 17:30,,
Maarch Enterprise,Non-critique,64,Anomalie,Bloquant,"Impossibilité d'utiliser la fonctionnalité de génération de document, type Office, sur un poste Linux",9 - Fermé,12/6/2012 17:33,,
Maarch Enterprise,Non-critique,65,Anomalie,Non bloquant,Suppression de Corbeille,9 - Fermé,12/6/2012 17:36,Accepté sans modification,1.3
Maarch Enterprise,Non-critique,67,Anomalie,Non bloquant,Soucis de prise en compte d'un statut spécifique lors de l'enregistrement d'un document.,9 - Fermé,12/7/2012 9:21,Accepté sans modification,
Maarch Enterprise,Non-critique,68,Demande d'information,Non bloquant,Mise en oeuvre protocole HTTPS,9 - Fermé,12/7/2012 9:24,,
Maarch Enterprise,Non-critique,69,Demande d'information,Non bloquant,Création de collection supplémentaire & Mise en oeuvre,9 - Fermé,12/7/2012 9:27,,
Maarch Enterprise,Non-critique,72,Anomalie,Non bloquant,Anomalie sur deconnexion,9 - Fermé,12/11/2012 17:45,,
Maarch Enterprise,Non-critique,82,Anomalie,Non bloquant,Génération des n° de chrono courrier départ et interne,9 - Fermé,12/13/2012 9:41,Accepté sans modification,1.3
Maarch Enterprise,Non-critique,83,Anomalie,Non bloquant,Recherche avancée,9 - Fermé,12/13/2012 9:59,,
KVM,Non-critique,87,Demande d'information,Non bloquant,Mise en place d'un VLAN sur un bridge utilisant une interface physique déjà utilisée par un autre Bridge,9 - Fermé,12/17/2012 16:09,,
Maarch Enterprise,Non-critique,88,Anomalie,Bloquant,Enregistrement des n° chrono,9 - Fermé,12/17/2012 17:08,,
LibreOffice,Non-critique,89,Anomalie,Non bloquant,Fichier CALC qui pose Probléme à LibreOffice V3.5.7 Windows ,9 - Fermé,12/18/2012 14:44,,
Maarch Enterprise,Non-critique,90,Anomalie,Non bloquant,Notification Mail : destinataires en copie,9 - Fermé,12/18/2012 16:21,,
Maarch Enterprise,Non-critique,91,Anomalie,Non bloquant,Utilisateur supprimé,9 - Fermé,12/18/2012 16:49,,
Maarch Enterprise,Non-critique,92,Demande d'information,Non bloquant,Indexation & Qualification d'un document avec choix de statut,9 - Fermé,12/18/2012 17:49,,
Liferay,Critique,93,Anomalie,Bloquant,Ordre de chargement des fichiers de configuration incorrect,9 - Fermé,12/19/2012 10:07,,
Liferay,Critique,94,Anomalie,Non bloquant,La suppression d'un signet déclenche une boucle infinie,9 - Fermé,12/19/2012 10:12,,
Liferay,Critique,95,Anomalie,Non bloquant,Le caractère ' (quote) placé dans le libellé d'une organisation rend le parcours de la bibliothèque inopérant dans le RTE,9 - Fermé,12/19/2012 10:16,,
Maarch Enterprise,Non-critique,96,Anomalie,Non bloquant,Enregistrement d'une recherche avancée de documents,9 - Fermé,12/19/2012 11:49,Accepté sans modification,1.3
Maarch Enterprise,Non-critique,97,Demande d'information,Non bloquant,Notifications par flux RSS,9 - Fermé,12/19/2012 16:30,,
Liferay,Critique,98,Anomalie,Non bloquant,Prévisualisation impossible pour un contenu avec champ de type image,9 - Fermé,12/20/2012 10:23,,
LibreOffice,Non-critique,99,Anomalie,Non bloquant,Probléme de Logos dans les fichiers RTF,11 - Rejeté,12/28/2012 16:07,,
LibreOffice,Non-critique,100,Anomalie,Non bloquant,Ouverture impossible de certains gros documents avec Libreoffice 3.5.7 (Versions MIMO) ,9 - Fermé,1/3/2013 15:51,,
Liferay,Critique,101,Anomalie,Non bloquant,L'affichage de la bibliothèque de documents et médias est tronqué à droite,9 - Fermé,1/7/2013 10:50,Accepté sans modification,6.2.x
Alfresco community,Critique,102,Anomalie,Bloquant,Migration alfresco 2.2.8 vers 3.4.d,10 - Abandonné,1/11/2013 16:34,,
LibreOffice,Non-critique,104,Anomalie,Non bloquant,Les .doc produits par le Ministère de l'Intérieur sur le site du BIEP sont illisibles sous LibreOffice 3.5.7 (Version Mimo),9 - Fermé,1/15/2013 16:18,Soumis à la communauté,
Liferay,Critique,105,Anomalie,Non bloquant,Impossible de modifier le titre d'une page de wiki,9 - Fermé,1/16/2013 14:45,,
Maarch Enterprise,Non-critique,106,Anomalie,Bloquant,Création d'un document avec un status personnalisé & Notifications,9 - Fermé,1/16/2013 15:11,Accepté sans modification,1.3
Maarch Enterprise,Non-critique,107,Anomalie,Bloquant,Administration des Corbeilles,9 - Fermé,1/16/2013 15:28,,
Liferay,Critique,108,Anomalie,Non bloquant,Le caractère ' (quote) placé dans le libellé d'une organisation rend le parcours de la bibliothèque inopérant dans le RTE,10 - Abandonné,1/16/2013 15:56,,
Maarch Enterprise,Non-critique,109,Anomalie,Bloquant,Recherche plein texte,9 - Fermé,1/16/2013 16:14,Accepté sans modification,1.3
Liferay,Critique,110,Anomalie,Non bloquant,L'ajout automatique du créateur en tant que membre d'une organisation ne fonctionne plus,9 - Fermé,1/16/2013 16:27,,
Liferay,Critique,111,Anomalie,Bloquant,Problème lors de la migration 6.0 -> 6.1,9 - Fermé,1/21/2013 16:08,,
LibreOffice,Non-critique,112,Anomalie,Non bloquant,Regression sur Draw à propos d'un changement d'échelle dans l'affichage des chaines de caractère,9 - Fermé,1/23/2013 16:35,,
Alfresco community,Critique,113,Demande d'information,Non bloquant,Archivage,9 - Fermé,1/24/2013 14:11,,
Liferay,Critique,116,Anomalie,Non bloquant,Le calendrier de révision et de publication des contenus devient grisé,9 - Fermé,1/25/2013 11:20,Accepté avec modification,6.2
Maarch Enterprise,Non-critique,118,Anomalie,Non bloquant,Corbeille en copie,9 - Fermé,1/28/2013 11:21,Accepté sans modification,1.3
Alfresco community,Critique,119,Anomalie,Bloquant,Connexion CIFS via LDAP sur une Alfresco Community.,9 - Fermé,1/28/2013 18:00,,
RoundCube,Critique,120,Anomalie,Non bloquant,Latence lors des connexions au service de messagerie Nomade via le client Roundcube,9 - Fermé,1/30/2013 16:31,,
Tomcat,Non-critique,123,Anomalie,Non bloquant,blocage de l'application Tomcat ,10 - Abandonné,2/5/2013 17:55,,
Alfresco community,Critique,124,Anomalie,Non bloquant,Problème d'index,9 - Fermé,2/7/2013 18:20,,
Liferay,Critique,125,Anomalie,Non bloquant,Le caractère ':' dans un titre de fichier entraîne une erreur,11 - Rejeté,2/8/2013 17:35,,
MANTIS,Critique,129,Demande d'information,Non bloquant,Changement de paramétrage pour le stockage des pièces jointes,9 - Fermé,2/19/2013 10:56,,
Tomcat,Non-critique,130,Anomalie,Bloquant,TOMCAT sur le serveur d'application se fige régulièrement (et a besoin d'un restart pour redémarrer le service),9 - Fermé,2/19/2013 14:58,,
Linshare,Non-critique,131,Anomalie,Non bloquant,Application figée,9 - Fermé,2/20/2013 10:36,Refusé,
Alfresco community,Critique,132,Anomalie,Bloquant,Migration alfresco 2.2.8 vers 3.4.11,11 - Rejeté,2/21/2013 17:53,,
PostgreSQL,Critique,133,Demande d'information,Non bloquant,Cryptage de données  dans une base Postgresql,9 - Fermé,2/27/2013 15:51,,
Maarch Enterprise,Non-critique,134,Demande d'information,Bloquant,"Module ""mail_capture""",10 - Abandonné,3/12/2013 17:25,,
Liferay,Critique,135,Anomalie,Bloquant,Deadlock sur le service ResourceBlockLocalService,9 - Fermé,3/15/2013 12:11,,
Maarch Enterprise,Non-critique,136,Anomalie,Bloquant,Administration des Corbeilles,9 - Fermé,3/20/2013 11:06,Accepté sans modification,1.3
Liferay,Critique,137,Anomalie,Bloquant,Pb d'accès aux pdf sous IE 8 en accès sécurisé (HTTPS).,9 - Fermé,3/21/2013 12:07,,
Liferay,Critique,139,Anomalie,Non bloquant,L'upload multiple ne fonctionne pas sous Firefox en HTTPS,11 - Rejeté,3/25/2013 15:31,,
Maarch Enterprise,Non-critique,140,Anomalie,Non bloquant,"Type d'expediteur erroné lors de la ""requalification"" d'un courrier existant",9 - Fermé,3/27/2013 16:23,Accepté avec modification,1.3
Maarch Enterprise,Non-critique,149,Anomalie,Non bloquant,Association du statut 'Inchangé' à une action,9 - Fermé,4/10/2013 11:14,Accepté sans modification,1.3
Maarch Enterprise,Non-critique,150,Anomalie,Non bloquant,Normalisation de l'affichage de la liste déroulante 'Statut' dans la page indexation,9 - Fermé,4/10/2013 11:24,Accepté sans modification,1.3
Maarch Enterprise,Non-critique,151,Demande d'information,Non bloquant,Différences de comportement des pages Indexation et Qualification,9 - Fermé,4/10/2013 11:37,,
mod_jk,Non-critique,152,Anomalie,Non bloquant,Connexions perdus,9 - Fermé,4/10/2013 15:58,,
Maarch Enterprise,Non-critique,153,Anomalie,Non bloquant,Erreur Lucene sur recherche globale,9 - Fermé,4/11/2013 14:19,Accepté sans modification,1.3
Maarch Enterprise,Non-critique,154,Demande d'information,Non bloquant,Administration des statuts,9 - Fermé,4/11/2013 14:37,,
Maarch Enterprise,Non-critique,155,Demande d'information,Non bloquant,Administration des groupes utilisateurs / Accès du groupe aux ressources,9 - Fermé,4/11/2013 14:55,,
Maarch Enterprise,Non-critique,156,Demande d'information,Non bloquant,Calcul des délais,9 - Fermé,4/11/2013 15:19,,
Maarch Enterprise,Non-critique,157,Anomalie,Non bloquant,Association d'une corbeille à un groupe utilisateur / choix des actions possibles,9 - Fermé,4/11/2013 16:08,,
PostgreSQL,Critique,161,Demande d'information,Non bloquant,nettoyage des journaux de transaction du serveur secondaire,9 - Fermé,4/16/2013 10:41,,
Alfresco community,Critique,162,Anomalie,Non bloquant,Problème sur indexation maximale,9 - Fermé,4/17/2013 11:28,,
MANTIS,Critique,163,Anomalie,Bloquant,mantis 1.2.8: Impossible d'affecter une fiche à un profil testeur,9 - Fermé,4/19/2013 10:34,,
Liferay,Critique,164,Anomalie,Non bloquant,"Dans la bibliothèqe, affichage du nombre de documents problématique",11 - Rejeté,4/22/2013 10:00,,
LibreOffice,Non-critique,166,Anomalie,Non bloquant,"Selection globale impossible avec ""Crtl A"" si tableau en début de document",9 - Fermé,4/23/2013 18:04,,
Alfresco community,Critique,167,Demande d'information,Non bloquant,Problème de droits sur index,9 - Fermé,4/23/2013 19:08,,
GLPI,Critique,169,Anomalie,Bloquant,lenteur très imoprtante au travers du menu administration / utilisateurs,9 - Fermé,5/3/2013 15:06,Refusé,
Tomcat,Critique,170,Demande d'information,Non bloquant,Tomcat,9 - Fermé,5/6/2013 11:01,,
Liferay,Critique,171,Anomalie,Non bloquant,Deux espaces dans le nom d'un fichier provoque une erreur dans l'ajout multiple de fichier,9 - Fermé,5/14/2013 10:23,Soumis à la communauté,
Alfresco community,Critique,173,Demande d'information,Non bloquant,Précision sur le système d'indexation de Alfresco community,9 - Fermé,5/21/2013 15:22,,
MANTIS,Critique,178,Anomalie,Non bloquant,Versions du projet non accessibles dans les filtres des sous-projets,9 - Fermé,5/30/2013 15:32,Soumis à la communauté,
Liferay,Critique,179,Anomalie,Non bloquant,L'upload multiple ne fonctionne pas sous Firefox en HTTPS sous Windows XP,11 - Rejeté,5/30/2013 17:42,,
Liferay,Critique,180,Anomalie,Non bloquant,Les images en niveau de gris sont altérées si redimensionnées,9 - Fermé,6/4/2013 11:02,Soumis à la communauté,
MANTIS,Critique,181,Anomalie,Non bloquant,"Pas de filtre sur le champ personalisé ""version de livraison""",9 - Fermé,6/4/2013 11:29,,
Debian,Critique,183,Anomalie,Non bloquant,"hpacucli, outil HP sur wheezy",9 - Fermé,6/10/2013 9:58,,
LibreOffice,Non-critique,184,Anomalie,Non bloquant,"bug sur calc  pour les versions 3.57 et 3.66, corrigé dans la v4.0 : affichage de  #VALEUR au lieu de ""0""",9 - Fermé,6/11/2013 10:43,,
Maarch Enterprise,Non-critique,185,Anomalie,Bloquant,Latence anormalle sur une instance de production,9 - Fermé,6/11/2013 14:11,,
LibreOffice,Non-critique,186,Anomalie,Non bloquant,Bug impression  Formulaire  (corrigé en 4.0) ,9 - Fermé,6/11/2013 14:12,,
LibreOffice,Non-critique,187,Anomalie,Non bloquant,Draw : Réduction non proportionelle de certains éléments de l'image (toutes versions de LibreOffice),11 - Rejeté,6/11/2013 15:12,,
PostgreSQL,Critique,190,Anomalie,Bloquant,nous avons depuis hier sur une instance en production sous la version PostgreSQL 8.3.0,9 - Fermé,6/12/2013 10:33,,
PHP,Non-critique,191,Anomalie,Non bloquant,Dysfonctionnement de la fonction pg_num_fields avec un nom de colonne comportant des majuscules,9 - Fermé,6/12/2013 14:19,,
MANTIS,Critique,192,Demande d'information,Non bloquant,Export de notes,9 - Fermé,6/12/2013 15:20,,
MANTIS,Critique,193,Demande d'information,Non bloquant,Personnalisation du [ Print Reports ] ,9 - Fermé,6/12/2013 15:27,,
Alfresco community,Critique,195,Demande d'information,Non bloquant,Recherche lucene et casse,9 - Fermé,6/18/2013 15:26,,
MANTIS,Critique,197,Anomalie,Non bloquant,Recherche dans un champ personnalisé,9 - Fermé,6/24/2013 15:34,,
Debian,Critique,198,Anomalie,Bloquant,"Debian Squeeze (6.0.7) ne détecte pas la carte réseau ""Broadcom BCM57810S""",7 - Information/solution fournie,6/25/2013 15:56,,
Maarch Enterprise,Non-critique,199,Demande d'information,Non bloquant,Gestion des dossiers,9 - Fermé,7/1/2013 15:24,,
Maarch Enterprise,Non-critique,200,Anomalie,Non bloquant,Erreur sur les corbeilles de supervision ,9 - Fermé,7/1/2013 16:11,Accepté sans modification,révision 1900
LibreOffice,Non-critique,201,Anomalie,Non bloquant,Anomalie sur les fichiers RTF,11 - Rejeté,7/3/2013 16:51,,
LibreOffice,Non-critique,202,Anomalie,Non bloquant,Bug saut de page  sur les tableaux RTF dans Writer,9 - Fermé,7/4/2013 11:31,,
Maarch Enterprise,Non-critique,204,Demande d'information,Non bloquant,Liste déroulante Actions dans les pages d'indexation et de qualification,9 - Fermé,7/10/2013 11:13,,
CentOS,Critique,205,Anomalie,Non bloquant,pacemaker,9 - Fermé,7/12/2013 17:43,,
LibreOffice,Non-critique,206,Demande d'information,Bloquant,Plusieurs alertes de sécurité ont été émises le 26 Juillet  sur LibreOffice et sur Apache OpenOffice ,9 - Fermé,7/29/2013 15:11,,
Maarch Enterprise,Non-critique,207,Anomalie,Bloquant,"Erreur "" requete SQL non sécurisée""",9 - Fermé,7/29/2013 15:33,Soumis à la communauté,
Maarch Enterprise,Non-critique,211,Anomalie,Bloquant,"Erreur Définition Corbeille avec mots clefs et clause  ""destination in ()""",9 - Fermé,8/8/2013 15:29,Accepté sans modification,1.4
Eclipse,Non-critique,212,Anomalie,Non bloquant,Eclipse PHP Development Tools Debug,9 - Fermé,8/9/2013 11:06,,
Tomcat,Non-critique,213,Anomalie,Bloquant,Can't load library: /usr/lib/jvm/java-6-openjdk/jre/lib/amd64/xawt/libmawt.so,2 - Suspendue/Complément demandé,8/23/2013 14:45,,
MANTIS,Critique,214,Anomalie,Non bloquant,Accès interdit au sous-projet (Régression Anomalie #178),9 - Fermé,9/4/2013 10:43,,
Maarch Enterprise,Non-critique,215,Anomalie,Non bloquant,Recherche avancée par affaire - Erreur sql,9 - Fermé,9/9/2013 9:35,Accepté sans modification,
Maarch Enterprise,Non-critique,217,Demande d'information,Non bloquant,"Module ""autofoldering"" -> Droits sur les arbres, clause WHERE",9 - Fermé,9/12/2013 16:15,,
PostgreSQL,Critique,218,Demande d'information,Non bloquant,Pertinence des paramètres max_standby_archive_delay et max_standby_streaming_delay,9 - Fermé,9/16/2013 10:05,,
PostgreSQL,Critique,219,Anomalie,Non bloquant,Pertinence des paramètres max_standby_archive_delay et max_standby_streaming_delay - deuxième question,9 - Fermé,9/17/2013 13:17,,
LibreOffice,Non-critique,221,Anomalie,Bloquant,Problème d'écriture sur des disques réseau à partir de LibreOffice 4.0.5,9 - Fermé,9/20/2013 15:15,Accepté sans modification,4.2.0
Mozilla Firefox,Non-critique,224,Anomalie,Bloquant,Defaut d'affichage du plug-in etherpad 2.3 dans moodle 2.5 avec Firefox 24 ESR ,9 - Fermé,9/26/2013 11:05,,
LibreOffice,Non-critique,225,Anomalie,Bloquant," Version 4.05 : Le fichier temporaire ""~"" ne disparait pas après la fermeture",9 - Fermé,9/26/2013 17:42,,
PostgreSQL,Critique,226,Anomalie,Non bloquant,PostgreSQL : utilisation anormale du swap,9 - Fermé,9/27/2013 11:39,,
OBM,Non-critique,227,Anomalie,Non bloquant,[Sauvegarde] Fichier vcf sauvegardé limité à 100 entrées,9 - Fermé,9/30/2013 17:19,Accepté sans modification,2.4
Maarch Enterprise,Non-critique,232,Anomalie,Bloquant,Liste de diffusion associée aux entités - Ajout d'un utilisateur,9 - Fermé,10/8/2013 13:41,Accepté sans modification,1.4 modules/entities (revision 389)
Maarch Enterprise,Non-critique,235,Anomalie,Non bloquant,Recherche des courriers supprimés,9 - Fermé,10/14/2013 15:20,,
Maarch Enterprise,Non-critique,236,Anomalie,Non bloquant,Icones de statut,9 - Fermé,10/14/2013 17:37,,
Samba,Non-critique,237,Demande d'information,Non bloquant,Configuration samba mode ADS : gestion des droits,9 - Fermé,10/16/2013 9:48,,
Moodle,Non-critique,239,Anomalie,Non bloquant,Nous n'arrivons pas à adresser deux Moodle différents (mais pas simultanément) sur un seul etherPAd via le Plug In EtherPad Moodle,9 - Fermé,10/16/2013 14:03,,
Alfresco community,Critique,240,Demande d'information,Bloquant,Création d'un compte administrateur ,9 - Fermé,10/17/2013 10:09,,
Maarch Enterprise,Non-critique,241,Anomalie,Non bloquant,Plan de Classement fonctionnel ,9 - Fermé,10/17/2013 16:19,Accepté sans modification,r18 du module fileplan
Maarch Enterprise,Non-critique,242,Anomalie,Non bloquant,Redirection de dossier,9 - Fermé,10/17/2013 17:00,,
Maarch Enterprise,Non-critique,243,Anomalie,Bloquant,Liaison de document,9 - Fermé,10/18/2013 15:53,Accepté sans modification,
Maarch Enterprise,Non-critique,244,Anomalie,Bloquant,Persistance des documents en copie,9 - Fermé,10/18/2013 16:10,Accepté sans modification,
Maarch Enterprise,Non-critique,245,Anomalie,Bloquant,Numero de chrono : sortant,9 - Fermé,10/18/2013 16:20,,
OBM,Non-critique,246,Anomalie,Bloquant,[Contacts] Commentaires contact supprimés lors de la première synchronisation OBM,9 - Fermé,10/22/2013 12:26,,
OBM,Non-critique,247,Anomalie,Bloquant,[Contacts] Commentaires contact non importé dans OBM,9 - Fermé,10/22/2013 12:38,,
OBM,Non-critique,248,Anomalie,Non bloquant,[OBM][OBM-Connector] Mentions légales,9 - Fermé,10/22/2013 17:49,,
OBM,Non-critique,249,Anomalie,Non bloquant,[OBM] Impression,9 - Fermé,10/23/2013 11:00,,
OBM,Non-critique,250,Anomalie,Non bloquant,[OBM] Lieux tronqués à 60 caractères,9 - Fermé,10/30/2013 14:36,,
OBM,Non-critique,252,Anomalie,Non bloquant,incrementation automatique de la version du paquet icasso-conf,9 - Fermé,10/30/2013 19:57,,
OBM,Non-critique,253,Anomalie,Non bloquant,[opush] Problème prise en compte limits.conf et autres plantages,7 - Information/solution fournie,10/30/2013 20:05,,
OBM,Non-critique,255,Anomalie,Non bloquant,[oPush] Lenteurs de l'interface de gestion des périphériques mobiles,9 - Fermé,11/7/2013 13:11,,
OBM,Non-critique,256,Anomalie,Non bloquant,"|O'push] : OBM Contact champ ""date anniversaire""",9 - Fermé,11/7/2013 14:54,,
OBM,Non-critique,257,Anomalie,Non bloquant,"|O'push] : OBM Contact champ ""date anniversaire""  côté Tb",9 - Fermé,11/12/2013 15:30,,
OBM,Non-critique,258,Anomalie,Non bloquant,[Administration] Check d'unicité à la création d'une boîte aux lettres sur le nom complet,9 - Fermé,11/13/2013 11:05,,
OBM,Non-critique,261,Anomalie,Non bloquant,[Sauvegarde] La sauvegarde quotidienne ne fonctionne plus après reboot ou bascule,10 - Abandonné,11/14/2013 19:07,,
OBM,Non-critique,262,Anomalie,Bloquant,[obm/opush] Perte du contenu des agendas sur Galaxy SIII,9 - Fermé,11/18/2013 20:11,,
Maarch,Non-critique,265,Anomalie,Non bloquant,Module Notification,9 - Fermé,11/25/2013 15:04,,
Maarch,Non-critique,266,Anomalie,Bloquant,Modification Liste de diffusion dans page d'indexation,9 - Fermé,11/25/2013 15:22,Accepté sans modification,
Maarch,Non-critique,268,Anomalie,Non bloquant,Gestion des doublons sur contact,9 - Fermé,11/25/2013 15:42,Accepté sans modification,
Maarch,Non-critique,269,Anomalie,Non bloquant,Indexation document -> recherche contact externe,9 - Fermé,11/25/2013 16:04,,
Maarch,Non-critique,270,Anomalie,Non bloquant,Délais de Traitement,9 - Fermé,11/25/2013 16:13,,
Maarch,Non-critique,271,Anomalie,Bloquant,fiche de liaison -> destinataires du courrier pour attribution et pour information ?,9 - Fermé,11/26/2013 13:06,Accepté sans modification,
LibreOffice,Non-critique,276,Anomalie,Non bloquant,Probléme du Crt A sur les fichiers Etiquette,9 - Fermé,11/27/2013 10:12,,
LibrePlan,Non-critique,277,Demande d'information,Non bloquant,"Probléme de nommage du libélé : ""     Projets     Archives  Recherche : MI, LibrePlan-NC-F-VS, 1.4 » MI, LibreOffice-NC-F-VS, 1.4 DI""",9 - Fermé,11/27/2013 10:21,,
Maarch,Non-critique,278,Anomalie,Bloquant,Administration des utilisateurs,9 - Fermé,11/27/2013 11:15,Accepté sans modification,
OBM,Non-critique,279,Anomalie,Non bloquant,"[Agenda] Anomalie sur les rdv avec un participant externe ""Contact""",9 - Fermé,11/27/2013 11:32,,
OBM,Non-critique,280,Anomalie,Non bloquant,[Agenda] Nouveau rdv avec agenda distant affiché ajoute automatiquement l'utilisateur distant en participant,9 - Fermé,11/27/2013 11:37,,
OBM,Non-critique,281,Anomalie,Bloquant,[Agenda distant] Ouvrir un agenda distant peut entraîner une perte d'affichage de tous les agendas affichés sur semaine en cours,9 - Fermé,11/27/2013 13:07,,
Maarch,Non-critique,284,Anomalie,Bloquant,Doublons groupbasket_redirect,9 - Fermé,11/28/2013 12:28,,
Maarch,Non-critique,285,Demande d'information,Non bloquant,Verrouillage de liste,9 - Fermé,11/29/2013 8:41,,
Maarch,Non-critique,286,Anomalie,Non bloquant,Nommage des piéces jointes générées sur template,9 - Fermé,11/29/2013 16:36,,
Maarch,Non-critique,287,Anomalie,Non bloquant,Plan de classement fonctionnel & status,9 - Fermé,11/29/2013 16:41,Accepté sans modification,
Maarch,Non-critique,288,Anomalie,Non bloquant,Indexation et Qualification avec choix d'un statut,9 - Fermé,11/29/2013 17:20,Accepté sans modification,Applied in changeset r2069
Maarch,Non-critique,289,Anomalie,Bloquant,Liste de diffusion (type diffusion aux services),9 - Fermé,12/2/2013 15:48,,
Maarch,Non-critique,290,Anomalie,Bloquant,Liste de diffusion (type diffusion aux services) : respect du perimetre de l'utilisateur,9 - Fermé,12/2/2013 16:50,,
Maarch,Non-critique,291,Anomalie,Non bloquant,Administration des entités,9 - Fermé,12/2/2013 16:59,Accepté sans modification,Applied in changeset r425
Maarch,Non-critique,292,Anomalie,Non bloquant,Redirection de dossier,9 - Fermé,12/3/2013 9:22,,
Maarch,Non-critique,293,Anomalie,Bloquant,Administration des utilisateurs,9 - Fermé,12/3/2013 11:00,,
Maarch,Non-critique,294,Demande d'information,Non bloquant,Gestion des contacts,9 - Fermé,12/3/2013 11:45,,
Maarch,Non-critique,295,Anomalie,Non bloquant,Gestion des contacts : coordonnées confidentielles,9 - Fermé,12/3/2013 11:48,Accepté sans modification,
Maarch,Non-critique,296,Anomalie,Non bloquant,Indexation document -> affichage contact externe / interne,9 - Fermé,12/3/2013 12:02,,
Maarch,Non-critique,297,Anomalie,Bloquant,Gestion des contacts : module administration,9 - Fermé,12/3/2013 14:30,,
Maarch,Non-critique,298,Demande d'information,Non bloquant,Contacts : indice de confiance,9 - Fermé,12/3/2013 14:40,,
Maarch,Non-critique,299,Anomalie,Bloquant,Contacts : modifiables,9 - Fermé,12/3/2013 15:39,Accepté sans modification,Applied in changeset r2014.
Maarch,Non-critique,300,Anomalie,Bloquant,Dossiers : autocompletion du nom,9 - Fermé,12/3/2013 16:52,,
Maarch,Non-critique,301,Anomalie,Bloquant,Corbeille de dossier : affichage du contenu et accés aux documents,9 - Fermé,12/3/2013 17:23,,
Maarch,Non-critique,302,Anomalie,Bloquant,Numero de chrono : interne,9 - Fermé,12/4/2013 11:46,,
Maarch,Non-critique,303,Anomalie,Non bloquant,Corbeille de dossier : clause where,9 - Fermé,12/4/2013 16:23,,
Maarch,Non-critique,304,Anomalie,Non bloquant,Gestion des utilisateurs : création,9 - Fermé,12/4/2013 17:15,,
Autres prestations,Non-critique,305,Demande d'information,Non bloquant,Modification des informations du compte,7 - Information/solution fournie,12/6/2013 9:34,,
GLPI,Critique,307,Anomalie,Non bloquant,dysfonctionnement requêteur GLPI,9 - Fermé,12/9/2013 12:07,Refusé,
Maarch,Non-critique,308,Anomalie,Non bloquant,Indexation document -> Liaison de document,9 - Fermé,12/9/2013 13:15,,
LibreOffice,Non-critique,309,Anomalie,Non bloquant,Probléme sur l'ouverture de gros fichiers .doc avec la version 4.1.4,9 - Fermé,12/10/2013 16:54,,
LibreOffice,Non-critique,310,Anomalie,Non bloquant,Les champs créés en version 3.x de LibreOffice ne sont pas exploitables en version 4.x,9 - Fermé,12/11/2013 11:16,,
Moodle,Non-critique,312,Anomalie,Non bloquant,anomalie #239 - Nous n'arrivons pas à adresser deux Moodle différents (mais pas simultanément) sur un seul etherPAd via le Plug In EtherPad Moodle- etherpad - MI,11 - Rejeté,12/11/2013 17:08,,
Autres prestations,,313,Demande d'information,Non bloquant,Travailler à deux contacts nommés sur un même numero de  bug,9 - Fermé,12/11/2013 17:19,,
OBM,Non-critique,314,Anomalie,Non bloquant,[OBM][Autoconf] Remise à zéro des paramètres de compte : demande des paramètres OBM au redémarrage,9 - Fermé,12/12/2013 11:29,,
OBM,Non-critique,315,Demande d'information,Non bloquant,[OBM] Timezone OBM,9 - Fermé,12/12/2013 14:10,,
OBM,Non-critique,316,Demande d'information,Non bloquant,Déplacement en masse d'utilisateurs d'un serveur en Icasso 2 vers un autre serveur également en Icasso 2,9 - Fermé,12/13/2013 21:30,,
Maarch,Non-critique,317,Anomalie,Non bloquant,export csv - contenu d'une corbeille,10 - Abandonné,12/16/2013 17:41,,
OBM,Non-critique,318,Anomalie,Non bloquant,Horaire d'exécution de la sauvegarde globale sur les serveurs en Outre-Mer,9 - Fermé,12/17/2013 10:13,,
LibreOffice,Non-critique,319,Demande d'information,Non bloquant,LibreOffice 4.1.4.2 est une realease Finale,9 - Fermé,12/18/2013 14:50,,
Maarch,Non-critique,320,Anomalie,Non bloquant,Historiques : soucis IHM lors de la consultation de l'onglet historique,9 - Fermé,12/18/2013 15:49,Accepté sans modification,
Maarch,Non-critique,321,Anomalie,Bloquant,Notifications : ajout d'élément dans notif-event_stack -> notifications sans raison,9 - Fermé,12/30/2013 14:00,,
LibreOffice,Non-critique,324,Anomalie,Bloquant,Fichier .doc provoque un Freeze de LibreOffice toutes versions.,9 - Fermé,1/7/2014 11:46,,
LibreOffice,Non-critique,325,Demande d'information,Non bloquant,Ouverture plein écran et fermeture provoque la disparition de la barre d'outil,9 - Fermé,1/7/2014 14:09,,
Maarch,Non-critique,326,Anomalie,Bloquant,Notes : apostrophe,9 - Fermé,1/9/2014 17:02,Accepté sans modification,Applied in changeset r119
Maarch,Non-critique,327,Anomalie,Bloquant,[Actions ] Ajout en copie,9 - Fermé,1/9/2014 17:07,Accepté sans modification,V1.4 et trunk
Maarch,Non-critique,328,Anomalie,Bloquant,"Notifications : ""joindre le document à la notification""",9 - Fermé,1/14/2014 13:55,Accepté,Applied in changeset r298
Maarch,Non-critique,329,Anomalie,Non bloquant,"Notifications : ""joindre le document à la notification"" -> erreur SQL",9 - Fermé,1/14/2014 13:59,Accepté sans modification,Applied in changeset r296
OBM,Non-critique,330,Anomalie,Bloquant,Problème après migration d'un serveur de prod (Préfecture) en Icasso 2,9 - Fermé,1/14/2014 14:09,,
Maarch,Non-critique,331,Anomalie,Bloquant,Envoi de Mail : depuis la page de traitement,9 - Fermé,1/14/2014 15:41,Accepté sans modification,
Maarch,Non-critique,332,Anomalie,Bloquant,Redirection : pbs de mise à jour de la liste de diffusion,9 - Fermé,1/14/2014 16:12,,
Maarch,Non-critique,333,Anomalie,Non bloquant,Mes contacts - Suppression d'un contact,9 - Fermé,1/15/2014 10:37,Accepté sans modification,Applied in changeset r2107.
Maarch,Non-critique,334,Anomalie,Non bloquant,Mes contacts - Suppression d'un contact - Fil d'Ariane,9 - Fermé,1/15/2014 11:16,Accepté sans modification,Applied in changeset r2107.
Maarch,Non-critique,335,Demande d'information,Non bloquant,Administration des notifications - Listes Type de diffusion & Joindre le document,9 - Fermé,1/15/2014 13:49,,
OBM,Non-critique,336,Anomalie,Non bloquant,[OBM-UI] Incompatibilité IE8 (voir IE9),7 - Information/solution fournie,1/17/2014 12:17,,
Maarch,Non-critique,338,Anomalie,Bloquant,Date limite de traitement - modification du type de document,9 - Fermé,1/20/2014 17:51,Accepté sans modification,Applied in changeset r2081.
Maarch,Non-critique,339,Anomalie,Bloquant,Changement d'expéditeur,9 - Fermé,1/21/2014 9:44,Accepté sans modification,Applied in changeset r2083
Maarch,Non-critique,340,Anomalie,Non bloquant,Lien Retour sur page Détail,9 - Fermé,1/21/2014 10:03,Soumis à la communauté,
LibreOffice,Non-critique,341,Anomalie,Non bloquant,La version  4.1.4.2 m8  fournie n'a pas le bon splashscreen et s'installe dans un répertoire DEV,9 - Fermé,1/21/2014 14:24,,
Maarch,Non-critique,342,Anomalie,Non bloquant,Historique - Confidentialité des notes ,9 - Fermé,1/22/2014 9:25,Accepté sans modification,Applied in changeset r117.
Liferay,Critique,343,Anomalie,Non bloquant,Problème de publication,11 - Rejeté,1/22/2014 9:58,,
Maarch,Non-critique,344,Anomalie,Non bloquant,Administration des notifications - Listes Type de diffusion,10 - Abandonné,1/22/2014 11:35,,
OBM,Non-critique,345,Anomalie,Non bloquant,Erreur sql lors de la première restauration d'une boite,9 - Fermé,1/23/2014 17:02,,
OBM,Non-critique,346,Anomalie,Non bloquant,[OBM] Groupes publics avec contact public : non mise à jour lors de modifications du contact,9 - Fermé,1/24/2014 9:45,,
LibreOffice,Non-critique,347,Anomalie,Non bloquant,La version M8 ne se comporte pas comme une version finale  : elle ne desinstalle pas la version précédente de LibreOffice présente sur le poste,9 - Fermé,1/28/2014 10:56,,
LibreOffice,Non-critique,358,Anomalie,Non bloquant,Import cassés de fichiers HTML sur notre comptabilité NEMO,9 - Fermé,2/3/2014 10:13,,
Liferay,Critique,359,Anomalie,Non bloquant,Demande de correction de la version 6.0.6,9 - Fermé,2/3/2014 11:31,,
LibreOffice,Non-critique,360,Anomalie,Non bloquant,Base de la version MIMO M9 ???? Pas la version officielle finale. ,9 - Fermé,2/4/2014 11:23,,
LibrePlan,Non-critique,361,Anomalie,Bloquant,Libreplan,9 - Fermé,2/4/2014 11:57,,
LibreOffice,Non-critique,362,Anomalie,Bloquant,Fichier qui plante sur la M9 mais fonctionne correctement sur 4.1.4.2 TDF,9 - Fermé,2/4/2014 13:50,,
Maarch,Non-critique,363,Anomalie,Non bloquant,Gestion des absences - Redirection de corbeilles,9 - Fermé,2/5/2014 12:19,Accepté,
Maarch,Non-critique,364,Anomalie,Non bloquant,Plan de classement - Gérer les types de documents,9 - Fermé,2/6/2014 10:09,,
LibreOffice,Non-critique,365,Anomalie,Non bloquant,Le timbre du fichier n'est pas modifiable dans les versions 3.5.7 de LibreOffice,9 - Fermé,2/6/2014 15:43,,
OBM,Non-critique,366,Anomalie,Non bloquant,obm-connector ne se met pas à jour sur certains profils thunderbird,2 - Suspendue/Complément demandé,2/7/2014 12:46,,
Alfresco community,Non-critique,367,Anomalie,Non bloquant,conséquence du renommage d'un site sur les notifications liées à une règle,2 - Suspendue/Complément demandé,2/7/2014 14:43,,
Alfresco community,Non-critique,368,Anomalie,Non bloquant,listes de données,3 - Complément transmis,2/7/2014 15:10,,
Alfresco community,Non-critique,369,Demande d'information,Non bloquant,copie d'une liste d'éléments,9 - Fermé,2/7/2014 15:18,,
Maarch,Non-critique,370,Anomalie,Non bloquant,validate_mail.php,9 - Fermé,2/12/2014 15:57,Accepté,Applied in changeset r2087.
PostgreSQL,Critique,372,Demande d'information,Non bloquant,Partage de file system,9 - Fermé,2/13/2014 10:44,,
PostgreSQL,Critique,373,Demande d'information,Non bloquant,Partage de file system (bis),9 - Fermé,2/13/2014 11:20,,
PostgreSQL,Critique,374,Demande d'information,Non bloquant,Partage de file system (ter),9 - Fermé,2/13/2014 11:20,,
OBM,Non-critique,377,Anomalie,Non bloquant,[agenda] Dans les messages de rappels de rdv on a les heures métropole sur les serveurs installés en outre-mer,9 - Fermé,2/13/2014 13:18,,
Maarch,Non-critique,378,Anomalie,Bloquant,Modification d'un groupe : service entité,9 - Fermé,2/18/2014 14:23,Accepté sans modification,Applied in changeset r2114
Maarch,Non-critique,379,Anomalie,Bloquant,"Modification de la liste de diffusion depuis la page ""Détails""",9 - Fermé,2/18/2014 14:28,Accepté sans modification,Applied in changeset r451.
Maarch,Non-critique,380,Anomalie,Non bloquant,Messages d'erreurs au lancement de l'applet java de Maarch avec java 7.51,9 - Fermé,2/21/2014 11:31,Accepté sans modification,Applied in changeset r90.
LibreOffice,Non-critique,381,Demande d'information,Non bloquant,"Les versions compilées par CAP GEMINI n'étant pas signées , il est impossible de les déployer avec certains outils de Gestion de parc",9 - Fermé,2/24/2014 15:51,,
Maarch,Non-critique,382,Anomalie,Bloquant,maarch_ws_client v1.4,10 - Abandonné,2/25/2014 12:27,,
OBM,Non-critique,384,Anomalie,Non bloquant,[OBM] : modif sur rdv avec alerte,9 - Fermé,3/3/2014 14:54,,
LibreOffice,Non-critique,385,Anomalie,Bloquant,Regression Ancrage des objets,9 - Fermé,3/5/2014 9:55,,
LibreOffice,Non-critique,386,Anomalie,Bloquant,Les problémes de lecture de fichiers en réseau perdurent bien que plus rares et qq soit la version de LibO 4.x,9 - Fermé,3/6/2014 10:45,,
OBM,Non-critique,387,Anomalie,Non bloquant,[Opush] : Contact créé via pda ne remonte pas sur OBM,9 - Fermé,3/10/2014 13:24,,
GLPI,Critique,388,Anomalie,Non bloquant,Dysfonctionnement requêteur GLPI,9 - Fermé,3/12/2014 10:58,,
OBM,Non-critique,390,Anomalie,Non bloquant,[Client Tb] : enregistrement d'un nouveau contact,9 - Fermé,3/13/2014 15:01,,
PostgreSQL,Critique,391,Demande d'information,Non bloquant,Comportement de PostgreSQL sur une plate-forme CentOS 6.3,9 - Fermé,3/14/2014 10:09,,
LibreOffice,Non-critique,392,Anomalie,Non bloquant,Impossible de suprimer un Style avec CALC quand les styles sont dans un autre mode que Appliqué ou Personalisé,9 - Fermé,3/14/2014 15:47,,
LibreOffice,Non-critique,393,Anomalie,Non bloquant,Icone Format Bordure non fonctionnel ,9 - Fermé,3/17/2014 14:35,,
OBM,Non-critique,394,Anomalie,Non bloquant,Rappel de rdv en minutes,9 - Fermé,3/19/2014 10:36,,
LibreOffice,Non-critique,396,Anomalie,Bloquant,Bug de sécurité LibreOffice,9 - Fermé,3/21/2014 11:03,,
PostgreSQL,Non-critique,399,Demande d'information,Bloquant,Gestion des connexions et paramétrage du fichier Postgresql.conf,9 - Fermé,3/24/2014 12:31,,
OBM,Non-critique,400,Anomalie,Non bloquant,Problème de génération des maps postfix lors d'une bascule,11 - Rejeté,3/27/2014 11:35,,
OBM,Non-critique,402,Anomalie,Non bloquant,[OBM] Agenda : changeùment d'heure sur les ics,9 - Fermé,4/1/2014 10:52,,
OBM,Non-critique,403,Anomalie,Non bloquant,[OBM] Rdv récurrent accepté via ics - consultation ics,9 - Fermé,4/1/2014 14:22,,
OBM,Non-critique,404,Anomalie,Non bloquant,[OBM] Agenda : importation rdv en attente,11 - Rejeté,4/4/2014 10:55,,
OBM,Non-critique,405,Anomalie,Non bloquant,[OBM] Agenda : anomalie à l'import,9 - Fermé,4/4/2014 10:58,,
OBM,Non-critique,406,Anomalie,Non bloquant,[OBM] Agenda : anomalie sur les rdv récurrent,9 - Fermé,4/4/2014 11:12,,
OBM,Non-critique,407,Anomalie,Non bloquant,[OBM] Agenda : synchronisation affiche le panneau bleu des ics,9 - Fermé,4/4/2014 11:37,,
OBM,Non-critique,409,Anomalie,Bloquant,[migration] Erreur lors de la migration de la base de données,9 - Fermé,4/8/2014 12:46,,
PostgreSQL,Critique,410,Demande d'information,Non bloquant,Nettoyage des journaux de transactions archivés,9 - Fermé,4/8/2014 17:10,,
OBM,Non-critique,411,Anomalie,Bloquant,[migration] Erreur dans obm-javalog,9 - Fermé,4/8/2014 19:13,,
LibreOffice,Non-critique,412,Demande d'information,Non bloquant,le Bug OpenSSL affecte t -il LibreOffice ?,9 - Fermé,4/9/2014 11:21,,
Maarch,Non-critique,414,Anomalie,Non bloquant,Dossier - Recherche de dossiers avec un champ custom ,9 - Fermé,4/10/2014 14:10,,
Maarch,Non-critique,415,Anomalie,Bloquant,Type de dossier - Affectation de champs custom,9 - Fermé,4/10/2014 14:45,,
OBM,Non-critique,416,Anomalie,Non bloquant,[rsyslogd] Configuration,9 - Fermé,4/11/2014 11:39,,
LibreOffice,Non-critique,417,Anomalie,Bloquant,Problémes importants de lecture de fichiers en réseau perdurent  qq soit la version de LibO 4.x,9 - Fermé,4/14/2014 11:51,,
PostgreSQL,Non-critique,418,Demande d'information,Non bloquant,Requête moins performante,9 - Fermé,4/16/2014 17:27,,
OBM,Non-critique,419,Anomalie,Non bloquant,[Migration vers Icasso 2] Problème lors de la mise à jour des paquets sur serveur de secours,11 - Rejeté,4/23/2014 15:31,,
OBM,Non-critique,420,Anomalie,Non bloquant,[Administration] Traitement par lot : délégation groupes privés non mis à jour ,9 - Fermé,4/25/2014 10:37,,
OBM,Non-critique,421,Anomalie,Non bloquant,[Administration] Groupes privés non supprimés lors de la suppression d'un utilisateur,9 - Fermé,4/25/2014 10:44,,
OBM,Non-critique,422,Anomalie,Non bloquant,Erreur pendant la mise à jour,9 - Fermé,4/28/2014 11:40,,
Maarch,Non-critique,423,Anomalie,Non bloquant,Notifications - Notification des courriers en retard,9 - Fermé,5/5/2014 14:25,,
OBM,Non-critique,424,Anomalie,Non bloquant,Rappel événement,9 - Fermé,5/9/2014 11:39,,
OBM,Non-critique,426,Anomalie,Non bloquant,[OBM] : Gestion des périphériques mobiles,9 - Fermé,5/14/2014 14:39,,
Maarch,Non-critique,427,Anomalie,Non bloquant,Note sur document,9 - Fermé,5/15/2014 17:20,Accepté,
Maarch,Non-critique,428,Anomalie,Non bloquant,Plan de classement fonctionnel : gestion du plan personnel personnel,9 - Fermé,5/19/2014 11:55,Accepté sans modification,Applied in changeset r30
Maarch,Non-critique,429,Anomalie,Non bloquant,Plan de classement fonctionnel : gestion des plans proposés pour l'organisation,9 - Fermé,5/19/2014 12:01,,
Maarch,Non-critique,430,Anomalie,Non bloquant,Administration des utilisateurs : mauvaise gestion des entités,9 - Fermé,5/19/2014 13:10,Accepté sans modification,
Maarch,Non-critique,431,Anomalie,Non bloquant,Visualisation des documents : format ODT,9 - Fermé,5/19/2014 15:17,,
OBM,Non-critique,432,Anomalie,Non bloquant,[Administration] Droits non mis à jour pour les nouveaux membres d'un groupe,11 - Rejeté,5/21/2014 8:50,,
VirtualBox,Critique,433,Anomalie,Bloquant,Blocage de VirtualBox lors de l'accès à un token (clé usb sécurisée) Neowave ,9 - Fermé,5/21/2014 13:24,,
Mozilla Thunderbird,Critique,435,Anomalie,Bloquant,"Messages avec pièces jointes non mis en cache par Thunderbird, qui retélécharge toujours les PJ via IMAP",2 - Suspendue/Complément demandé,5/22/2014 14:17,,
OBM,Non-critique,436,Anomalie,Non bloquant,[obm-autoconf-conf] Problème lors de la mise à jour,9 - Fermé,5/22/2014 16:51,,
LibreOffice,Non-critique,437,Demande d'information,Non bloquant,"Livraison pour Ubuntu , pas intégrée dans Unity et non conforme au parc installé ",9 - Fermé,5/22/2014 18:15,,
Maarch,Non-critique,438,Anomalie,Non bloquant,Recherche Document sur statut exclus de la recherche,7 - Information/solution fournie,5/26/2014 12:17,,
LibreOffice,Non-critique,440,Anomalie,Non bloquant,Impressions conditionelles sous Calc avec les icônes.,9 - Fermé,6/3/2014 10:31,,
LibreOffice,Non-critique,441,Anomalie,Non bloquant,Les .doc produits par le Ministère de l'Intérieur sur le site du BIEP sont illisibles sous LibreOffice 4.1.4.2 (Version Mimo) .,9 - Fermé,6/3/2014 11:00,,
OBM,Non-critique,442,Anomalie,Non bloquant,[Clamav] Problème après mise à jour des paquets official,9 - Fermé,6/3/2014 15:55,,
Apache HTTP Server,Non-critique,443,Anomalie,Bloquant,[error] (103)Software caused connection abort: cache: error returned while trying to return disk cached data,11 - Rejeté,6/4/2014 12:57,,
OBM,Non-critique,444,Anomalie,Non bloquant,[OBM] Administration,11 - Rejeté,6/5/2014 11:42,,
OBM,Non-critique,445,Anomalie,Non bloquant,[OBM] Administration FTP : pas de possibilité d'indiquer 127.0.0.1,11 - Rejeté,6/5/2014 12:51,,
LibreOffice,Non-critique,446,Anomalie,Non bloquant,Timbre non modifiable dans LibreOffice 3.5.7  : demande d'un correctif pour Windows,9 - Fermé,6/11/2014 18:29,,
OBM,Non-critique,448,Anomalie,Non bloquant,[opush] Fichier /var/lib/opush/MailSnapshotStore.data très gros,9 - Fermé,6/16/2014 13:05,,
OBM,Non-critique,449,Anomalie,Bloquant,[Icasso 2/Wheezy] La vue arborescente de l'annuaire ne fonctionne pas,9 - Fermé,6/16/2014 17:42,,
LibreOffice,Non-critique,450,Anomalie,Bloquant,Il manque deux DLL dans la version M16,9 - Fermé,6/17/2014 10:42,,
OBM,Non-critique,451,Anomalie,Non bloquant,Horde : contacts perso et publics mélangés,11 - Rejeté,6/18/2014 11:14,,
OBM,Non-critique,452,Anomalie,Non bloquant,Horde : le carnet d'adresses contacts n'est pas présent ,9 - Fermé,6/18/2014 11:16,,
OBM,Non-critique,453,Anomalie,Non bloquant,"Horde : aide non disponible des rubriques dans menu ""Options""",9 - Fermé,6/18/2014 11:19,,
OBM,Non-critique,455,Anomalie,Non bloquant,"Les logs mail, auth et wtmp sont ""rotates"" à 23h59 et à 6h25",9 - Fermé,6/19/2014 19:13,,
OBM,Non-critique,456,Anomalie,Non bloquant,O'push : pb suite nouvelle création de compte sur smartphone,9 - Fermé,6/20/2014 11:53,,
LibreOffice,Non-critique,457,Anomalie,Non bloquant,L'impression du Fichier en P.J.  (Imprimante ou dans un PDF) propose les titres en noir alors qu'ils sont blancs. ,9 - Fermé,6/25/2014 13:47,,
OBM,Non-critique,458,Anomalie,Non bloquant,Problème de droits sur agendas,11 - Rejeté,6/26/2014 11:53,,
OBM,Non-critique,459,Anomalie,Non bloquant,[cron] Les crons OBM ne sont pas exécutés durant la tâche de sauvegarde quotidienne,9 - Fermé,6/27/2014 11:32,,
OBM,Non-critique,460,Anomalie,Non bloquant,[boîtes aux lettres] Problème modification nom complet,10 - Abandonné,6/30/2014 16:48,,
LibreOffice,Non-critique,461,Anomalie,Bloquant,Crach Fusion Publipostage avec la version M16 (Prefecture EVRY),11 - Rejeté,7/3/2014 12:04,,
OBM,Non-critique,462,Anomalie,Non bloquant,[OBM] : Création d'un carnet d'adresses avec un slash : sauvegarde en erreur,9 - Fermé,7/3/2014 14:34,,
OBM,Non-critique,466,Anomalie,Non bloquant,[Agenda] invitation ics : mauvaise interprétation par Outlook,9 - Fermé,7/4/2014 12:36,,
OBM,Non-critique,467,Anomalie,Non bloquant,[opush] Erreur 401 après migration Etch vers Wheezy,9 - Fermé,7/11/2014 12:16,,
OBM,Non-critique,468,Anomalie,Bloquant,[obm-sync] Gros problème avec les agendas,9 - Fermé,7/11/2014 15:47,,
OBM,Non-critique,469,Anomalie,Non bloquant,[OBM] Administration entité : pas de contrôle sur url pour un user,9 - Fermé,7/16/2014 12:02,,
OBM,Non-critique,470,Anomalie,Bloquant,[opush] Problème synchronisation agenda d'un préfet,9 - Fermé,7/17/2014 18:47,,
LibreOffice,Non-critique,471,Anomalie,Non bloquant,Problème d'impression sur les titres sur fonds blancs.,4 - Contournement livré,7/23/2014 17:23,,
OBM,Non-critique,472,Anomalie,Bloquant,[OBM] PDA supprimés de périphériques sans action manuelle,11 - Rejeté,7/25/2014 11:33,,
OBM,Non-critique,473,Anomalie,Non bloquant,[Agenda] Erreur SQL rdv reccurrent,9 - Fermé,7/30/2014 16:28,,
LibreOffice,Non-critique,474,Anomalie,Bloquant,La désactivation du Shell Explorer provoque des effets collatéraux,9 - Fermé,8/5/2014 10:45,,
Maarch,Non-critique,475,Anomalie,Non bloquant,Qualificattion de documents - Priorité,9 - Fermé,8/5/2014 16:05,Accepté sans modification,
LibreOffice,Non-critique,477,Anomalie,Bloquant,Crash aléatoire de Calc dans les versions > 4  de MIMO dans des feuilles calc utilisées en réseau sur Win7 64 bit,9 - Fermé,8/7/2014 14:13,,
OBM,Non-critique,478,Anomalie,Non bloquant,|OBM] Groupes,11 - Rejeté,8/11/2014 16:13,,
OBM,Non-critique,479,Anomalie,Non bloquant,[OBM] : Agenda / Création d'un libellé,9 - Fermé,8/12/2014 15:59,,
OBM,Non-critique,480,Anomalie,Non bloquant,[Migration Etch vers Wheezy] cyrus pas prêt lors de l'exécution de l'automate,9 - Fermé,8/21/2014 10:57,,
OBM,Non-critique,481,Anomalie,Non bloquant,[Agenda] Evenements d'un compte supprimé non supprimables,9 - Fermé,8/21/2014 11:30,,
OBM,Non-critique,482,Anomalie,Bloquant,[migration icasso 1 vers icasso 2 - CER] Problème migration de la base de données,9 - Fermé,8/22/2014 16:17,,
OBM,Non-critique,483,Anomalie,Bloquant,[Migration Icasso 1 vers Icasso 2 - ddsp972] Problème migration de la base de données,11 - Rejeté,8/22/2014 16:19,,
OBM,Non-critique,484,Anomalie,Bloquant,[Migration Icasso 1 vers Icasso 2 - pref42] Problème lors de l'exécution de l'automate + problème ajout d'un groupe dans l'annuaire,9 - Fermé,8/22/2014 18:15,,
LibreOffice,Non-critique,485,Demande d'information,Non bloquant,Une alterte de sécurité a été signalée (et corrigée) sur les version 4.2 et 4.3 ,9 - Fermé,9/1/2014 14:07,,
LibreOffice,Non-critique,486,Demande d'information,Non bloquant,Liste des tickets corrigés dans la 4.1.6,9 - Fermé,9/2/2014 16:10,,
OBM,Non-critique,487,Anomalie,Bloquant,[migration Icasso 1 vers Icasso 2] Echec du script de migration - Too many open files,9 - Fermé,9/2/2014 17:56,,
LibreOffice,Non-critique,488,Anomalie,Bloquant,Ce fichier (créé probablement sur calc 4.04  Windows ) plante sur toutes les versions de Calc sous Windows (mais pas sous Linux),4 - Contournement livré,9/3/2014 15:50,,
OBM,Non-critique,490,Anomalie,Bloquant,[migration Icasso 1 vers Icasso 2] Suppression d'un utilisateur dans ldap et postfix à l'issue de la migration,9 - Fermé,9/8/2014 12:23,,
389 Directory Server,Non-critique,492,Anomalie,Non bloquant,Corruption de données dans un annuaire composé de deux 389-ds en multi-maîtres,9 - Fermé,9/9/2014 10:33,,
OBM,Non-critique,494,Anomalie,Non bloquant,[Migration etch vers wheezy] Plantage de cyrus sur serveur Etch durant la phase de rsync à chaud,9 - Fermé,9/9/2014 13:19,,
Alfresco community,Critique,495,Anomalie,Bloquant,Accès CIFS au travers d'un proxy : Adresse IP unique pour tous les clients,9 - Fermé,9/9/2014 18:47,,
OBM,Non-critique,496,Anomalie,Non bloquant,OBM : organigramme,9 - Fermé,9/12/2014 13:08,,
OBM,Non-critique,497,Anomalie,Bloquant,[Migration Icasso 1 vers Icasso 2] Problème lors de la migration de la bd d'un serveur,9 - Fermé,9/15/2014 14:12,,
OBM,Non-critique,498,Anomalie,Bloquant,[Migration I1 vers I2] erreur lors de la migration d'une base de données pendant la migration réelle,9 - Fermé,9/17/2014 11:42,,
OBM,Non-critique,499,Anomalie,Non bloquant,[icasso-conf] Valeur de maxchild pour imap dans le fichier /etc/cyrus.conf,9 - Fermé,9/19/2014 21:03,,
Moodle,Non-critique,500,Anomalie,Bloquant,Accès au module E-formation Anglais,11 - Rejeté,9/22/2014 16:21,,
LibreOffice,Non-critique,501,Demande d'information,Non bloquant,Problémes de Run Time trouvé sur la M16 ... Vérifier la M18 ...,9 - Fermé,9/23/2014 14:07,,
OBM,Non-critique,502,Anomalie,Non bloquant,"[Groupe] Ajout chaîne ""Rechercher ..."" à la place de l'adresse mail d'un membre externe",9 - Fermé,9/23/2014 17:59,,
Maarch,Non-critique,503,Demande d'information,Non bloquant,[Authentification] Authentification Mixte : Standard + LDAP,9 - Fermé,9/24/2014 17:08,,
OBM,Non-critique,504,Anomalie,Non bloquant,"[webmail] Le message d'origine n'est pas repris lorsqu'on fait Répondre, Répondre à tous ou Transférer",9 - Fermé,9/29/2014 10:47,,
Debian,Critique,506,Demande d'information,Non bloquant,Patch faille ShellShock,7 - Information/solution fournie,9/30/2014 9:14,,
LibreOffice,Non-critique,509,Anomalie,Non bloquant,Le répertoire de la clef de registre des livraisons Windows change à chaque fois ...,9 - Fermé,10/7/2014 15:08,,
Maarch,Non-critique,510,Anomalie,Bloquant,Corbeille de document : erreur sur clause sql,10 - Abandonné,10/7/2014 17:31,,
OBM,Non-critique,511,Anomalie,Non bloquant,[webmail] Perte de l'objet lorsqu'on répond à certains messages,9 - Fermé,10/7/2014 20:33,,
PostgreSQL,Critique,512,Anomalie,Non bloquant,FATAL:  terminating connection due to administrator command,9 - Fermé,10/9/2014 17:10,,
OBM,Non-critique,513,Anomalie,Bloquant,[Administration] Modification de boîte impossible lorsque deux boîtes ont le même login dans deux domaines différents,7 - Information/solution fournie,10/14/2014 15:18,,
OBM,Non-critique,514,Anomalie,Non bloquant,[Agenda] Droits ressource,9 - Fermé,10/14/2014 16:11,,
OBM,Non-critique,515,Anomalie,Bloquant,[Migration Icasso 1 vers Icasso 2] Perte des adresses externes dans les groupes,11 - Rejeté,10/15/2014 9:48,,
OBM,Non-critique,516,Anomalie,Non bloquant,[Migration icasso1 vers icasso2] Problème sur les corbeilles et leurs sous-dossiers après migration,11 - Rejeté,10/15/2014 19:41,,
OBM,Non-critique,517,Anomalie,Non bloquant,[Agenda OBM] Problème lors de la purge d'un très gros agenda,9 - Fermé,10/17/2014 18:09,,
PostgreSQL,Non-critique,518,Demande d'information,Non bloquant,Utilisation mémoire,9 - Fermé,10/20/2014 16:43,,
OBM,Non-critique,519,Anomalie,Non bloquant,[agenda] Impression pdf en vue mois - certains événements n'apparaissent pas,9 - Fermé,10/21/2014 13:02,,
OBM,Non-critique,520,Anomalie,Non bloquant,[agenda] Impression pdf - Manque le dernier caractère du prénom pour le nom et prénom du propriétaire de l'agenda qui apparaît en bas de page,9 - Fermé,10/21/2014 13:06,,
OBM,Non-critique,521,Anomalie,Bloquant,[Synchro agenda] synchro bloque sur un agenda,9 - Fermé,10/22/2014 15:25,,
OBM,Non-critique,522,Anomalie,Non bloquant,[Migration] Après migration la délégation de toutes les ressources est identique,9 - Fermé,10/22/2014 20:19,,
OBM,Non-critique,523,Anomalie,Non bloquant,[sauvegarde / restauration] Destinataires des rapports,7 - Information/solution fournie,10/29/2014 11:25,,
OBM,Non-critique,524,Anomalie,Non bloquant,[Contacts] Commande de suppression,9 - Fermé,10/30/2014 19:37,,
OBM,Non-critique,525,Anomalie,Non bloquant,[Agenda] Décalage des rdv récurretns importés suite passage heure hiver,9 - Fermé,10/30/2014 19:42,,
OBM,Non-critique,526,Anomalie,Non bloquant,[opush] Problème pour synchroniser les mails sur quelques comptes d'une préfecture,2 - Suspendue/Complément demandé,10/31/2014 18:34,,
OBM,Non-critique,527,Anomalie,Non bloquant,[OBM] : Contacts partagés,11 - Rejeté,11/4/2014 15:14,,
Ubuntu,Non-critique,534,Anomalie,Non bloquant,LibreOffice MIMO,9 - Fermé,11/10/2014 15:47,,
LibreOffice,Non-critique,535,Demande d'information,Bloquant,Alerte de sécurité LibreOffice,9 - Fermé,11/10/2014 15:54,,
Liferay,Critique,536,Anomalie,Bloquant,Anomalie publication,3 - Complément transmis,11/17/2014 9:52,,
LibreOffice,Non-critique,537,Demande d'information,Bloquant,Correctif de sécurité ,9 - Fermé,11/17/2014 16:06,,
LibreOffice,Non-critique,539,Demande d'information,Non bloquant,"LibreOffice 4.3.4, questions urgente",9 - Fermé,11/18/2014 9:49,,
OBM,Non-critique,540,Anomalie,Bloquant,[Icasso2] Un groupe n'est plus visible dans l'interface OBM,11 - Rejeté,11/19/2014 12:06,,
Maarch,Non-critique,541,Demande d'information,Non bloquant,Recherche avancée - champ objet,9 - Fermé,11/19/2014 12:27,,
Maarch,Non-critique,542,Anomalie,Non bloquant,Liste des copies - Ordre de tri des documents,9 - Fermé,11/19/2014 13:18,,
OBM,Non-critique,543,Anomalie,Bloquant,[Migration] Erreur lors de l'exécution de l'automate (problème maj des groupes Tous ...),9 - Fermé,11/19/2014 16:03,,
OBM,Non-critique,544,Anomalie,Non bloquant,[opush] OutOfMemoryError,9 - Fermé,11/20/2014 22:25,,
OBM,Non-critique,545,Anomalie,Non bloquant,[Ressources] Accessoires non disponibles,11 - Rejeté,11/21/2014 15:12,,
OBM,Non-critique,546,Anomalie,Non bloquant,[ldap] Modification paramètres de l'environnement BDB,9 - Fermé,11/21/2014 20:11,,
OBM,Non-critique,547,Anomalie,Non bloquant,[ExportLdif.class.php] Ce script ne s'exécute pas sur les serveurs hébergeant beaucoup d'utilisateurs,9 - Fermé,11/21/2014 20:32,,
OBM,Non-critique,548,Anomalie,Non bloquant,[logs obm-tomcat] Saturation de la partition /var/log sur un serveur ,9 - Fermé,11/21/2014 21:07,,
OBM,Non-critique,549,Anomalie,Bloquant,[OBM] : Création d'un rdv via OBM non modifiable sur smartphone pour la PREF36,9 - Fermé,11/24/2014 11:27,,
OBM,Non-critique,550,Anomalie,Non bloquant,[Migration] Erreur migration base de données,9 - Fermé,11/24/2014 14:22,,
LibreOffice,Non-critique,551,Anomalie,Bloquant,Création d'une version MIMO M1 basée sur la 4.3.4,9 - Fermé,11/25/2014 11:47,,
OBM,Non-critique,552,Anomalie,Bloquant,[Migration I1 vers I2] Après migration les dossiers partagés ne peuvent plus être administrés,9 - Fermé,12/1/2014 13:11,,
OBM,Non-critique,553,Anomalie,Bloquant,[opush] Gros problème bloquant sur la prefecture de Nantes,9 - Fermé,12/1/2014 19:25,,
OBM,Non-critique,554,Anomalie,Non bloquant,obm-services.log trop gros,11 - Rejeté,12/2/2014 15:18,,
OBM,Non-critique,555,Anomalie,Non bloquant,[cyrus] Demande d'analyse de log syslog récupéré pendant migration Etch vers Wheezy,9 - Fermé,12/2/2014 19:28,,
Maarch,Non-critique,556,Anomalie,Non bloquant,Historique,11 - Rejeté,12/4/2014 16:53,,
Maarch,Non-critique,557,Anomalie,Non bloquant,Table listinstance - mise à jour systématique du champ added_by_user,9 - Fermé,12/4/2014 17:27,,
OBM,Non-critique,558,Anomalie,Non bloquant,[postfix] Modification du paramètre virtual_alias_expansion_limit,9 - Fermé,12/8/2014 10:00,,
OBM,Non-critique,559,Anomalie,Bloquant,[Migration Icasso 1 vers Icasso 2] Problème pour réaliser la migration de (je pense) notre plus gros serveur en nombre d'utilisateurs,9 - Fermé,12/12/2014 21:59,,
OBM,Non-critique,560,Anomalie,Non bloquant,[cyrus] Comment supprimer des ACLs pour des boîtes qui n'existent plus,9 - Fermé,12/15/2014 20:32,,
OBM,Non-critique,561,Anomalie,Bloquant,[Migration] Echec lors d'une migration Icasso 1 vers Icasso 2 (DDSP19),9 - Fermé,12/18/2014 14:24,,
OBM,Non-critique,562,Anomalie,Bloquant,[Migration] Erreur lors du test d'une migration (erreur migration base de données),11 - Rejeté,12/18/2014 17:40,,
OBM,Non-critique,563,Anomalie,Non bloquant,[Opush] Maximum line length limit exceeded,9 - Fermé,12/18/2014 20:30,,
OBM,Non-critique,564,Anomalie,Non bloquant,[mail.log] Suppression de lignes inutiles et trop nombreuses,9 - Fermé,12/19/2014 17:21,,
OBM,Non-critique,565,Anomalie,Non bloquant,[export/import d'ics] Moulinette permettant d'épurer un ics pour l'importer dans un agenda différent,9 - Fermé,12/19/2014 18:07,,
Debian,Critique,566,Anomalie,Bloquant,Problème rotatelog Apache,7 - Information/solution fournie,1/7/2015 14:07,,
OBM,Non-critique,567,Anomalie,Non bloquant,[automate] Comportement bizarre sur un serveur - validation impossible des suppressions de boîtes,9 - Fermé,1/7/2015 20:05,,
OBM,Non-critique,568,Demande d'information,Non bloquant,[Agenda] Modification de participant,9 - Fermé,1/8/2015 10:24,,
OBM,Non-critique,570,Anomalie,Non bloquant,[ActiveSync] : absence des anciens événements de l'agenda suite création du compte sur le smartphone,11 - Rejeté,1/13/2015 14:36,,
OBM,Non-critique,572,Anomalie,Bloquant,[Migration] Bizarrerie lors du test d'une migration prévue lundi 19 janvier,9 - Fermé,1/15/2015 17:48,,
Alfresco community,Non-critique,573,Demande d'information,Bloquant,Code non correct,9 - Fermé,1/19/2015 11:23,,
Alfresco community,Non-critique,574,Demande d'information,Bloquant,fiche de sécurité : fournir le correctif,9 - Fermé,1/19/2015 11:30,,
LibreOffice,Non-critique,575,Demande d'information,Non bloquant,Affichage des apercçu dans le volet de Visualisation de Windows 7,9 - Fermé,1/23/2015 9:34,,
Autres prestations,,576,Demande d'information,Bloquant,Request-URI Too Long  The requested URL's length exceeds the capacity limit for this server.,9 - Fermé,1/23/2015 9:38,,
OBM,Non-critique,577,Anomalie,Non bloquant,[Groupes] Problème de publication dans ldap suite à doublon d'adresses mail,11 - Rejeté,1/27/2015 7:59,,
OBM,Non-critique,578,Anomalie,Non bloquant,[ldap] Problème de publication des contacts publics dans ldap lorsque un attribut est mal formaté ou contient des caractères spéciaux,9 - Fermé,1/27/2015 8:11,,
OBM,Non-critique,579,Anomalie,Non bloquant,[Agenda distant] Exceptions affichées par OBM,9 - Fermé,1/29/2015 8:35,,
OBM,Non-critique,580,Demande d'information,Non bloquant,[Droits] Définition de droits sur groupe privé,9 - Fermé,1/29/2015 11:35,,
Debian,Critique,582,Demande d'information,Non bloquant,Patch faille glibc,7 - Information/solution fournie,1/30/2015 9:34,,
OBM,Non-critique,583,Anomalie,Bloquant,[Opush] Problème bloquant sur la prefecture 89,9 - Fermé,2/2/2015 11:41,,
Liferay,Critique,584,Anomalie,Non bloquant,Les comptes qui ont été supprimés dans notre annuaire LDAP peuvent encore se connecter à Liferay,10 - Abandonné,2/5/2015 9:51,,
OBM,Non-critique,585,Anomalie,Bloquant,[opush] Problème pour synchroniser deux agendas à la prefecture 89,9 - Fermé,2/5/2015 15:18,,
OBM,Non-critique,586,Anomalie,Non bloquant,[Automate] Problème suppression boîte,2 - Suspendue/Complément demandé,2/9/2015 19:12,,
Maarch,Non-critique,587,Anomalie,Non bloquant,Délégation de l'administration des utilisateurs,11 - Rejeté,2/11/2015 14:19,,
Maarch,Non-critique,588,Anomalie,Non bloquant,Suppression d'un utilisateur - Table users_entities non apurée,9 - Fermé,2/11/2015 14:45,,
OBM,Non-critique,589,Anomalie,Non bloquant,[Suivi des messages] Defaut d'affichage dans la liste des archives,9 - Fermé,2/12/2015 18:22,,
Moodle,Non-critique,591,Demande d'information,Bloquant,Double entrée pour Moodle,9 - Fermé,2/18/2015 9:41,,
OBM,Non-critique,592,Anomalie,Bloquant,[opush] Problème sur certains comptes pour relever les mails (serveur DSIC),9 - Fermé,2/19/2015 11:33,,
OBM,Non-critique,593,Anomalie,Non bloquant,[opush] Blocage de la synchronisation des mails suite à présence de caractères accentués dans le nom des pièces jointes,9 - Fermé,2/19/2015 11:47,,
LibreOffice,Non-critique,594,Anomalie,Non bloquant,La modification partielle de la couleur de texte dans une cellule calc n'est pas prise en compte,9 - Fermé,2/24/2015 9:45,,
Maarch,Non-critique,595,Anomalie,Non bloquant,Notifications avec document en pièce jointe,2 - Suspendue/Complément demandé,3/3/2015 15:58,,
Maarch,Non-critique,596,Anomalie,Non bloquant,N° Chrono - Courrier départ,9 - Fermé,3/3/2015 16:18,,
OBM,Non-critique,597,Anomalie,Non bloquant,[OPush] Dysfonctionnements terminal Sony M2 XPeria - OPush,11 - Rejeté,3/5/2015 13:09,,
OBM,Non-critique,598,Anomalie,Non bloquant,[icasso-conf] Modification main.cf,9 - Fermé,3/6/2015 18:23,,
PostgreSQL,Critique,599,Anomalie,Non bloquant,Résultats pgBadger imprécis voir faux,9 - Fermé,3/11/2015 13:38,,
OBM,Non-critique,600,Anomalie,Non bloquant,[icasso-conf] Modification ulimit pour slapd,9 - Fermé,3/11/2015 20:26,,
OBM,Non-critique,601,Anomalie,Bloquant,[Pablo]Problème d'indexation et compactage,9 - Fermé,3/16/2015 12:57,,
Maarch,Non-critique,603,Anomalie,Bloquant,Recherche avancée - Enregistrement d'une recherche,7 - Information/solution fournie,3/19/2015 17:58,,
Maarch,Non-critique,604,Demande d'information,Non bloquant,Critères de recherche - Statuts,9 - Fermé,3/19/2015 18:05,,
OBM,Non-critique,605,Anomalie,Non bloquant,[catalina.out] Fichier qui grossi beaucoup sur certains serveurs,9 - Fermé,3/20/2015 16:33,,
Pentaho,Critique,606,Anomalie,Non bloquant,Pentaho - Valeur par défaut pour une mesure dans un cube,9 - Fermé,3/24/2015 10:26,,
Mozilla Firefox,Non-critique,607,Anomalie,Bloquant,Accès impossible au site du Ministère,11 - Rejeté,3/24/2015 11:01,,
OBM,Non-critique,608,Anomalie,Non bloquant,[Contacts] Impossible de mettre des apostrophes lors de la création d'un contact,9 - Fermé,3/25/2015 15:13,,
LibreOffice,Non-critique,609,Anomalie,Non bloquant,Tag des versions fournies par CAP dans les remontées d'inventaires,9 - Fermé,3/26/2015 14:07,,
Maarch,Non-critique,610,Anomalie,Bloquant,Mise à jour de l'indicateur 'viewed' d'un document,7 - Information/solution fournie,3/27/2015 10:34,,
Maarch,Non-critique,611,Anomalie,Bloquant,Plan de Classement Organisationel :  suppression de document possible hors contexte,11 - Rejeté,3/27/2015 12:16,,
OBM,Non-critique,612,Anomalie,Bloquant,[Installation] Problème avec le paquet obm-autoconf-conf,9 - Fermé,3/30/2015 19:30,,
Pentaho,Critique,614,Anomalie,Bloquant,Le plugin Saiku versin 2.6 n'affiche pas correctement le grand total pour une mesure calculée,11 - Rejeté,4/2/2015 10:59,,
LibreOffice,Non-critique,615,Anomalie,Bloquant,Mauvais formatage dans les donnée .DOC en provenance de l'éditeur MEGA (cartographie Logicielle),4 - Contournement livré,4/3/2015 11:15,,
OBM,Non-critique,616,Anomalie,Non bloquant,[obm-autoconf-conf] Modifications suite à changement de serveur ENVOL,9 - Fermé,4/3/2015 12:41,,
Liferay,Critique,617,Anomalie,Non bloquant,Bug Liferay dans la fonctionnalité  d'import unitaire,9 - Fermé,4/9/2015 10:11,,
OBM,Non-critique,618,Anomalie,Non bloquant,[opush] Fichier mailSnapshotStore.data très gros sur un serveur (5Go),11 - Rejeté,4/9/2015 18:12,,
OBM,Non-critique,619,Demande d'information,Non bloquant,[opush] Quantité de mémoire utilisée par jetty,9 - Fermé,4/9/2015 19:00,,
OBM,Non-critique,620,Anomalie,Non bloquant,[Agenda] Rdv ics Outlook - OBM,9 - Fermé,4/10/2015 14:08,,
OBM,Non-critique,621,Anomalie,Bloquant,[opush] Problème de synchronisation des mails sur plusieurs téléphones sur un serveur,9 - Fermé,4/10/2015 19:29,,
OBM,Non-critique,622,Anomalie,Non bloquant,[thunderbird] Rédaction des messages en UTF-8,9 - Fermé,4/14/2015 14:55,,
OBM,Non-critique,623,Anomalie,Non bloquant,[Agenda] Import d'agenda,9 - Fermé,4/16/2015 8:42,,
OBM,Non-critique,624,Anomalie,Non bloquant,[Agenda] Consultation distante html: impossible d'ouvrir les détails,9 - Fermé,4/16/2015 15:43,,
OBM,Non-critique,625,Anomalie,Non bloquant,[Agenda] Ressources,9 - Fermé,4/16/2015 15:46,,
OBM,Non-critique,626,Demande d'information,Non bloquant,[OPush] Conseil sur un émulateur Android,9 - Fermé,4/22/2015 9:08,,
OBM,Non-critique,627,Anomalie,Bloquant,"[Bascule] Après bascule sur serveur secondaire, problème propriétaire et groupe sur certains répertoires",9 - Fermé,4/22/2015 16:15,,
OBM,Non-critique,628,Anomalie,Non bloquant,[XPunge] Desinstallation et paramétrage,9 - Fermé,4/23/2015 10:20,,
OBM,Non-critique,629,Anomalie,Non bloquant,[Agenda] Modèles avec participant(s),9 - Fermé,4/23/2015 10:49,,
OBM,Non-critique,630,Anomalie,Bloquant,[Sauvegarde] La sauvegarde d'une boîte sur un serveur de préfecture n'est plus réalisée,9 - Fermé,4/23/2015 19:18,,
OBM,Non-critique,631,Anomalie,Non bloquant,[opush] Multiplication d'un même périphérique et blocage de la synchronisation,9 - Fermé,4/24/2015 12:53,,
LibreOffice,Non-critique,632,Demande d'information,Non bloquant," vulnérabilité CVE-2015-1774 ""OpenOffice HWP Filter Remote Execution and DoS Vulnerability"".",9 - Fermé,4/27/2015 10:25,,
Pentaho,Critique,633,Demande d'information,Non bloquant,Périmètre d'intervention du support,9 - Fermé,5/5/2015 17:12,,
OBM,Non-critique,634,Demande d'information,Non bloquant,[Maj serveurs] Interrogation suite à mise à jour kernel,9 - Fermé,5/5/2015 21:00,,
OBM,Non-critique,635,Anomalie,Non bloquant,[Bascule] Impossibilité de démonter /data,9 - Fermé,5/5/2015 22:32,,
OBM,Non-critique,636,Anomalie,Non bloquant,[Agenda] Erreur SQL lors d'une modification d'event,9 - Fermé,5/6/2015 15:37,,
MySQL,Non-critique,637,Demande d'information,Bloquant,problème de performance sur deux requêtes dans une instance MYSQL,2 - Suspendue/Complément demandé,5/11/2015 11:46,,
OBM,Non-critique,638,Anomalie,Non bloquant,[agenda OBM] Pas de visualisation du dimanche en vue liste sur une semaine,9 - Fermé,5/19/2015 18:04,,
389 Directory Server,Critique,639,Anomalie,Bloquant,Plantages récurrents annuaire LDAP 389 Directory Server 389-ds-base-1.2.11.15-47.el6.x86_64,9 - Fermé,5/20/2015 14:54,,
OBM,Non-critique,640,Anomalie,Non bloquant,[OPush] Hiéroglyphes sur les mails M2 XPeria,9 - Fermé,5/27/2015 14:10,,
Pentaho,Critique,641,Demande d'information,Non bloquant,Comment traduire certains libellés,9 - Fermé,5/29/2015 8:40,,
OBM,Non-critique,642,Anomalie,Bloquant,[opush] Problème synchronisation agenda à la préfecture de la Drome,11 - Rejeté,5/29/2015 19:57,,
OBM,Non-critique,644,Anomalie,Non bloquant,[OPush] Mauvaise interprétation des mails reçus du M2 en transfert,11 - Rejeté,6/3/2015 12:16,,
Moodle,Non-critique,645,Demande d'information,Non bloquant,Supression de compte dans Moodle ,9 - Fermé,6/10/2015 14:46,,
OBM,Non-critique,646,Anomalie,Bloquant,Gros problème sur un serveur suite à manipulations dans la table categoryLink,9 - Fermé,6/15/2015 20:56,,
Pentaho,Critique,648,Demande d'information,Non bloquant,Intégration dans un portail d'accès,9 - Fermé,6/18/2015 11:14,,
OBM,Non-critique,649,Demande d'information,Non bloquant,Android - Conseil OS,9 - Fermé,6/19/2015 16:48,,
OBM,Non-critique,650,Anomalie,Bloquant,Impossible d'écrire sur la partition / sur certains serveurs passifs,9 - Fermé,6/22/2015 12:02,,
OBM,Non-critique,651,Anomalie,Non bloquant,[Groupe] Impossible de mettre à jour un groupe lorsque l'adresse mail d'un des membres externe contient des caractères acdentués,9 - Fermé,6/22/2015 19:11,,
OBM,Non-critique,652,Anomalie,Non bloquant,[agenda] erreur sql lors de l'import d'un modèle d'événement,9 - Fermé,6/24/2015 15:17,,
Pentaho,Critique,653,Demande d'information,Non bloquant,Support de la version 5.2,9 - Fermé,6/25/2015 14:04,,
OBM,Non-critique,654,Demande d'information,Non bloquant,[Administration] OBM - suppression,9 - Fermé,6/25/2015 14:37,,
OBM,Non-critique,655,Anomalie,Non bloquant,[Organigramme] Erreur lors de l'export pdf,9 - Fermé,6/25/2015 17:25,,
OBM,Non-critique,656,Anomalie,Bloquant,[opush] Perte de tous les périphériques et donc les partenariats à la prefecture 89 suite à la mise à jour du serveur effectuée ce matin,9 - Fermé,6/29/2015 16:11,,
OBM,Non-critique,657,Anomalie,Non bloquant,[Opush] Envois multiples d'un même message,11 - Rejeté,7/3/2015 20:52,,
OBM,Non-critique,658,Anomalie,Non bloquant,[Fusion] Rdvs manquants,9 - Fermé,7/10/2015 18:16,,
OBM,Non-critique,659,Anomalie,Non bloquant,[Fusion] Rdv en attente,9 - Fermé,7/10/2015 18:19,,
OBM,Non-critique,660,Anomalie,Non bloquant,[Fusion] Rdv décalés post fusion,9 - Fermé,7/10/2015 18:22,,
OBM,Non-critique,661,Anomalie,Non bloquant,"[icasso-conf] Modification de l'exécution du cron permettant la mise à jour des groupes ""Tous ...""",9 - Fermé,7/10/2015 18:39,,
PostgreSQL,Critique,662,Demande d'information,Non bloquant,Déplacement d'une base PostgreSQL sur une autre plate-forme,9 - Fermé,7/24/2015 10:50,,
OBM,Non-critique,663,Anomalie,Non bloquant,[Sauvegardes] Bals non sauvegardées,9 - Fermé,7/29/2015 17:30,,
OBM,Non-critique,664,Anomalie,Non bloquant,[Sauvegardes] Carnets d'adresses supplémentaires non sauvegardés,2 - Suspendue/Complément demandé,7/29/2015 17:31,,
OBM,Non-critique,665,Anomalie,Non bloquant,[Contacts] Date de fête,9 - Fermé,8/5/2015 9:09,,
Maarch,Non-critique,666,Anomalie,Bloquant,Visualisation des emails associés à un document : mauvais expediteur affiché,7 - Information/solution fournie,8/5/2015 14:53,,
OBM,Non-critique,667,Anomalie,Non bloquant,[Agenda] Rdv en UTC,11 - Rejeté,8/5/2015 15:33,,
OBM,Non-critique,668,Anomalie,Non bloquant,[Agenda] Check manquant pour participants externes,9 - Fermé,8/5/2015 15:37,,
Maarch,Non-critique,669,Anomalie,Bloquant,Qualification d'un document : erreur type d'expediteur,7 - Information/solution fournie,8/5/2015 15:38,,
OBM,Non-critique,670,Anomalie,Non bloquant,[Thunderbird] Menu OBM,9 - Fermé,8/5/2015 15:39,,
LibreOffice,Non-critique,671,Anomalie,Bloquant,Crash Mimo 4.3.7 M3 avec les tableaux ombrés ,9 - Fermé,8/6/2015 9:58,,
LibreOffice,Non-critique,672,Anomalie,Non bloquant,Crash Mimo  4.3.7 M3 avec Base  sur filtre des formulaires,9 - Fermé,8/7/2015 16:24,,
OBM,Non-critique,673,Anomalie,Non bloquant,[agenda] Suppression d'un événement récurrent présent plus de 600 fois dans la table Event,9 - Fermé,8/7/2015 18:00,,
OBM,Non-critique,674,Anomalie,Non bloquant,[script de fusion] Impossible d'importer en une seule fois un grand nombre de comptes,9 - Fermé,8/13/2015 13:00,,
OBM,Non-critique,675,Anomalie,Non bloquant,[script de fusion] Impossible d'importer un compte si la valeur de userobm_mail_perms est à 0,9 - Fermé,8/13/2015 18:11,,
OBM,Non-critique,676,Anomalie,Non bloquant,[script de fusion] Impossible d'importer un compte si le mot de passe du compte contient un *,11 - Rejeté,8/13/2015 18:13,,
OBM,Non-critique,677,Anomalie,Non bloquant,[Dossiers partagés] Impossible de modifier les caractéristiques d'un dossier partagé,9 - Fermé,8/17/2015 13:45,,
Pentaho,Critique,678,Demande d'information,Non bloquant,Pentaho : Masquer le menu en fonction du profil de l'utilisateur,9 - Fermé,8/25/2015 13:07,,
OBM,Non-critique,681,Demande d'information,Non bloquant,[Script de fusion] Restauration dossier partagé,7 - Information/solution fournie,8/26/2015 16:05,,
LibreOffice,Non-critique,682,Demande d'information,Non bloquant,Comment vérifié les certificats valides des documents signés avec LibreOffice ,10 - Abandonné,8/28/2015 11:19,,
OBM,Non-critique,683,Anomalie,Non bloquant,[Administration] Possibilité de créer des boîtes identiques sur plusieurs serveurs,7 - Information/solution fournie,8/31/2015 13:35,,
LibreOffice,Non-critique,686,Anomalie,Non bloquant,Problème d'impression d'un document contenant une image WMF,2 - Suspendue/Complément demandé,9/8/2015 10:57,,
OBM,Non-critique,687,Anomalie,Non bloquant,Modification du nom pour joindre l'annuaire national,9 - Fermé,9/8/2015 15:54,,
OBM,Non-critique,688,Anomalie,Non bloquant,Suppression des groupes automatiques lorsque plus aucun utilisateur n'a une délégation correspondant à ces groupes,9 - Fermé,9/10/2015 12:40,,
OBM,Non-critique,689,Anomalie,Non bloquant,[Agenda distant] Bandeau persistant après ajout,7 - Information/solution fournie,9/17/2015 10:25,,
OBM,Non-critique,690,Anomalie,Non bloquant,[Agenda] Erreur sql lors d'une tentative de modification de l'horaire d'une occurrence d'un rdv récurrent,7 - Information/solution fournie,9/18/2015 19:11,,
OBM,Non-critique,692,Anomalie,Bloquant,[Agenda] Création ou modification de rdv impossible en passant par la création rapide,9 - Fermé,9/25/2015 14:22,,
OBM,Non-critique,693,Anomalie,Non bloquant,[Administration] La suppression de certaine boîtes ne se déroule pas correctement,7 - Information/solution fournie,9/28/2015 15:16,,
OBM,Non-critique,694,Demande d'information,Non bloquant,Utilisation du port 8443 sur les serveurs Icasso,9 - Fermé,9/30/2015 20:26,,
Alfresco community,Non-critique,695,Anomalie,Non bloquant,Anomalie sur génération du documentLibrary dans Share,1 - Rappel effectué,10/9/2015 10:22,,
OBM,Non-critique,696,Anomalie,Bloquant,"[Sauvegarde] Une dizaine de boîtes ne sont pas sauvegardées au moment du ""restar"" d'obmSatellite",7 - Information/solution fournie,10/16/2015 13:15,,
OBM,Non-critique,697,Anomalie,Non bloquant,"[Groupes] L'attribut ""memberof"" n'est pas mis à jour dans le ldap lorsqu'on renomme ou qu'on supprime un groupe",1 - Rappel effectué,10/21/2015 15:35,,
OBM,Non-critique,698,Anomalie,Non bloquant,[Agenda] Décalage graphique rdv récurrent - occurrences post 25/10,7 - Information/solution fournie,10/22/2015 13:19,,
LibreOffice,Non-critique,699,Demande d'information,Bloquant,Probléme avec les dernières versions de Visual C++ ,9 - Fermé,10/26/2015 11:07,,
OBM,Non-critique,700,Anomalie,Bloquant,[opush] Augmentation occupation de la bande passante sur notre apn depuis que l'on met à jour les serveurs,11 - Rejeté,11/2/2015 16:21,,
OBM,Non-critique,704,Anomalie,Non bloquant,[Groupes] Problème alimentation postfix lors de l'import de groupes,1 - Rappel effectué,11/10/2015 19:14,,
OBM,Non-critique,705,Anomalie,Bloquant,[opush] Nombreux fichiers .hprof sur certains serveurs,1 - Rappel effectué,11/10/2015 19:30,,
OBM,Non-critique,706,Anomalie,Non bloquant,[Groupes] Suppression des groupes créés par les administrateurs dont le nom commence par 'Tous ...',7 - Information/solution fournie,11/12/2015 17:14,,
OBM,Non-critique,707,Anomalie,Non bloquant,[groupes] Nettoyage ldap + postfix suite à suppression de groupes par la cron de mise à jour des groupes de délégation,7 - Information/solution fournie,11/12/2015 17:18,,
LibreOffice,Non-critique,708,Anomalie,Bloquant,"security related information, CVE-2015-4551, CVE-2015-5212, CVE-2015-5213, CVE-2015-5214",7 - Information/solution fournie,11/16/2015 16:17,,
OBM,Non-critique,709,Anomalie,Bloquant,[Sauvegarde] Arrêt/relance d'obmSatellite pendant la sauvegarde quotidienne,7 - Information/solution fournie,11/17/2015 21:30,,
OBM,Non-critique,710,Anomalie,Bloquant,[Pablo] Problème lorsqu'on supprime un message depuis un client autre que Pablo,11 - Rejeté,11/20/2015 13:45,,
OBM,Non-critique,711,Anomalie,Bloquant,[Sauvegarde système et sauvegarde quotidienne] Saturation de /tmp/ sur gros serveurs pendant la sauvegarde système,7 - Information/solution fournie,11/26/2015 21:38,,
OBM,Non-critique,713,Anomalie,Non bloquant,[opush] Passage à 4096Mo pour jetty,1 - Rappel effectué,12/8/2015 13:29,,
OBM,Non-critique,714,Anomalie,Non bloquant,[renameEntite] Perte des abonnements aux boîtes et dossiers partagés,9 - Fermé,12/11/2015 17:49,,
OBM,Non-critique,715,Anomalie,Non bloquant,[renameEntite] Modification sed dans script renameDomain.sh,9 - Fermé,12/15/2015 11:56,,
OBM,Non-critique,716,Anomalie,Non bloquant,[renameentite] Mise à jour de la table Domain,9 - Fermé,12/15/2015 14:50,,
OBM,Non-critique,717,Anomalie,Non bloquant,[renameEntite] Mise à jour de la table Domain (champ domain_alias),11 - Rejeté,12/15/2015 15:08,,
LibreOffice,Non-critique,718,Anomalie,Non bloquant,Mise en place de la version MIMO 5.0,5 - Analysé,12/17/2015 14:08,,
